"","country","var","importance","rank"
"1","Benin","cropland",0.241081444328125,9
"2","Benin","cattle",1.01061294458807,2
"3","Benin","pop",1.29906756304141,1
"4","Benin","cropland_per_capita",0.6162659294229,4
"5","Benin","sand",0.361859678958119,5
"6","Benin","slope",0.156492855712785,10
"7","Benin","temperature",0.284022960258806,7
"8","Benin","rainfall",0.285194069895296,6
"9","Benin","market",0.28022488903996,8
"10","Benin","maizeyield",0.951787304496142,3
"11","Burkina","cropland",0.767483984479715,9
"12","Burkina","cattle",1.39722772155754,4
"13","Burkina","pop",1.02160530236041,8
"14","Burkina","cropland_per_capita",1.40820804038966,3
"15","Burkina","sand",1.25876924988663,5
"16","Burkina","slope",0.691631400503169,10
"17","Burkina","temperature",1.53509548814978,2
"18","Burkina","rainfall",1.8923415045513,1
"19","Burkina","market",1.04606234205044,7
"20","Burkina","maizeyield",1.12910276567871,6
"21","Cote_d_Ivoire","cropland",1.31993872880905,9
"22","Cote_d_Ivoire","cattle",3.8557121470682,2
"23","Cote_d_Ivoire","pop",1.87284585125884,8
"24","Cote_d_Ivoire","cropland_per_capita",3.55125332962939,3
"25","Cote_d_Ivoire","sand",2.28218512964478,5
"26","Cote_d_Ivoire","slope",1.07858097477648,10
"27","Cote_d_Ivoire","temperature",2.42074857275727,4
"28","Cote_d_Ivoire","rainfall",2.16154629701718,6
"29","Cote_d_Ivoire","market",2.013835042455,7
"30","Cote_d_Ivoire","maizeyield",7.15710353927955,1
"31","Ethiopia","cropland",0.0815550861255288,7
"32","Ethiopia","cattle",0.0873106305149217,6
"33","Ethiopia","pop",0.18206969506584,2
"34","Ethiopia","cropland_per_capita",0.162889786429149,3
"35","Ethiopia","sand",0.203632116687558,1
"36","Ethiopia","slope",0.0953610235193175,4
"37","Ethiopia","temperature",0.0715472282248845,9
"38","Ethiopia","rainfall",0.0749648050416109,8
"39","Ethiopia","market",0.0612768051976692,10
"40","Ethiopia","maizeyield",0.0913017482022179,5
"41","Guinea_Bissau","cropland",0.162055032636704,10
"42","Guinea_Bissau","cattle",1.52972762732816,1
"43","Guinea_Bissau","pop",0.445119934257632,3
"44","Guinea_Bissau","cropland_per_capita",0.442258196780313,4
"45","Guinea_Bissau","sand",0.355767595175943,7
"46","Guinea_Bissau","slope",0.302383958691505,8
"47","Guinea_Bissau","temperature",0.396728181213569,6
"48","Guinea_Bissau","rainfall",0.422511512113698,5
"49","Guinea_Bissau","market",0.763514114327804,2
"50","Guinea_Bissau","maizeyield",0.199963488587405,9
"51","Malawi","cropland",0.00693799109326143,10
"52","Malawi","cattle",0.0101692308770133,8
"53","Malawi","pop",0.0188629314679778,2
"54","Malawi","cropland_per_capita",0.0134775604091661,5
"55","Malawi","sand",0.0172031264156353,4
"56","Malawi","slope",0.0119808998933749,7
"57","Malawi","temperature",0.0129259384867521,6
"58","Malawi","rainfall",0.00960991013335851,9
"59","Malawi","market",0.0180938961896035,3
"60","Malawi","maizeyield",0.024385006330189,1
"61","Mali","cropland",3.54330967012727,8
"62","Mali","cattle",4.36171386828142,5
"63","Mali","pop",4.60413782701681,4
"64","Mali","cropland_per_capita",2.54998819759578,10
"65","Mali","sand",4.14677545131283,6
"66","Mali","slope",3.11490895592365,9
"67","Mali","temperature",8.19112334976865,2
"68","Mali","rainfall",6.11622251496446,3
"69","Mali","market",4.07491342822601,7
"70","Mali","maizeyield",9.11321722716066,1
"71","Niger","cropland",0.304313525360509,10
"72","Niger","cattle",0.585355645205423,3
"73","Niger","pop",0.488994657806493,4
"74","Niger","cropland_per_capita",0.485197390303183,5
"75","Niger","sand",0.353221958267633,9
"76","Niger","slope",0.405000302142614,8
"77","Niger","temperature",0.586423719403587,2
"78","Niger","rainfall",0.442218787315589,7
"79","Niger","market",0.774150160826547,1
"80","Niger","maizeyield",0.470549424899339,6
"81","Nigeria","cropland",0.738224643161984,4
"82","Nigeria","cattle",0.97719778418852,2
"83","Nigeria","pop",0.668690750744944,5
"84","Nigeria","cropland_per_capita",0.49728804782034,7
"85","Nigeria","sand",0.419266256611594,9
"86","Nigeria","slope",0.386236965009247,10
"87","Nigeria","temperature",0.592020457465905,6
"88","Nigeria","rainfall",1.09848988842033,1
"89","Nigeria","market",0.478308802260872,8
"90","Nigeria","maizeyield",0.94067298991818,3
"91","Senegal","cropland",0.617826103225204,5
"92","Senegal","cattle",0.840992570288369,3
"93","Senegal","pop",0.693623700912632,4
"94","Senegal","cropland_per_capita",0.421224351872029,10
"95","Senegal","sand",2.552601928453,1
"96","Senegal","slope",0.500677124337793,8
"97","Senegal","temperature",0.556368755554823,7
"98","Senegal","rainfall",0.614215834111154,6
"99","Senegal","market",0.426960610518049,9
"100","Senegal","maizeyield",0.868533388551787,2
"101","Tanzania","cropland",0.337720223026678,10
"102","Tanzania","cattle",0.580025032125908,7
"103","Tanzania","pop",1.3731099624209,2
"104","Tanzania","cropland_per_capita",0.485960239919259,9
"105","Tanzania","sand",1.23047143389735,3
"106","Tanzania","slope",1.46008633351835,1
"107","Tanzania","temperature",0.592086169422453,6
"108","Tanzania","rainfall",0.690398359166656,5
"109","Tanzania","market",0.805320227205967,4
"110","Tanzania","maizeyield",0.490352778666444,8
"111","Togo","cropland",0.156054285611508,6
"112","Togo","cattle",0.149791762525234,7
"113","Togo","pop",0.401413871031684,3
"114","Togo","cropland_per_capita",0.145228900694783,8
"115","Togo","sand",0.157907524706638,5
"116","Togo","slope",0.487751289574797,2
"117","Togo","temperature",0.275784603089601,4
"118","Togo","rainfall",0.113624680349,10
"119","Togo","market",0.141500583877933,9
"120","Togo","maizeyield",0.508921042065128,1
"121","Uganda","cropland",0.124390354401174,9
"122","Uganda","cattle",0.136025575907612,7
"123","Uganda","pop",0.165417504137794,2
"124","Uganda","cropland_per_capita",0.148677629097006,3
"125","Uganda","sand",0.14094768020523,5
"126","Uganda","slope",0.128169690933046,8
"127","Uganda","temperature",0.213650836862415,1
"128","Uganda","rainfall",0.124240399329333,10
"129","Uganda","market",0.139422515337654,6
"130","Uganda","maizeyield",0.148133883135955,4
"131","Zambia","cropland",0.553063176109433,2
"132","Zambia","cattle",0.45641053318261,6
"133","Zambia","pop",0.27479298912208,10
"134","Zambia","cropland_per_capita",0.290427862813613,9
"135","Zambia","sand",0.543306884948976,4
"136","Zambia","slope",0.324330566911433,7
"137","Zambia","temperature",0.485073305054568,5
"138","Zambia","rainfall",1.21893118317564,1
"139","Zambia","market",0.312657850749965,8
"140","Zambia","maizeyield",0.546574396432999,3
